[
  {
    "name":"Alice",
    "phone":[
      "18221338086"
    ]
  },
  {
    "name":"阿发",
    "phone":[
      "18221338086"
    ]
  },
  {
    "name":"Bob",
    "phone":[
      "18221338086"
    ]
  },
  {
    "name":"David",
    "phone":[
      "18221338086"
    ]
  },
  {
    "name":"Doris",
    "phone":[
      "18221338086"
    ]
  },
  {
    "name":"杜娟",
    "phone":[
      "18221338086"
    ]
  },
  {
    "name":"Jack",
    "phone":[
      "18221338086"
    ]
  },
  {
    "name":"Rose",
    "phone":[
      "18221338086"
    ]
  },
  {
    "name":"任盈盈",
    "phone":[
      "18221338086"
    ]
  },
  {
    "name":"孙正义",
    "phone":[
      "18221338086"
    ]
  },
  {
    "name":"Sally",
    "phone":[
      "18221338086"
    ]
  }
]